pconc,density
0.04882812,0.0175
0.1953125,0.1225
0.390625,0.2105
0.78125,0.3755
1.5625,0.6114999999999999
3.125,1.0099999999999998
6.25,1.3490000000000002
12.5,1.72
25,1.9236935463123865
